signal,label,tab,book,enabled,horizon_weeks,condition,evaluate,transform,lookback_weeks,sources,seeded_from,expected_stale_days,first_graded,source_needed,note
put_call_z6,Put/call ratio 6w z,main,risk_off,False,8,z_ge 2,daily,zroll_clip,6,(no feed),,4,,"the screen's own put/call series, which is NOT a CBOE series and has no identified live feed -- see the note before enabling","Screen: H8, z_ge_2, Short / risk-off filter, 2.53x, 1.94%/wk in market. TESTED, and it does not generalise. On the screen's own input (the local Put Call Ratio column, 2013+) it looks strong: fires 8 weeks, P(8w drawdown) 0.625 against 0.323, forward 8w return -25.0% against +9.8%, shift-null p 0.047 -- but that is 8 isolated weeks in 13 years, and on 2016+ alone it is 5 weeks at p 0.123. It does NOT replicate on CBOE history (data/cboe/, 2003-2019): on CBOE total put/call the sign REVERSES, P(DD) 0.167 against 0.368 and a +58.8% forward return. The local column is not a CBOE series (best match CBOE total at Friday close, correlation 0.78). Left disabled on the evidence, not only for want of a feed. Condition reading: z_ge_2 is the expanding z of the 6-week rolling z; the rolling z itself can barely reach 2 on 6 points."
iorb_vol,SOFR-IORB spread 12w vol-scaled,main,long_short,True,2,pct_le 0.2,daily,vol_scaled,12,SOFR (lag 1d) + IORB x-1 (lag 0d),IORB,4,2023-10-18,,"RULE, per the workbook extract supplied 2026-09-15 and the Pine port pine/iorb_d12w_vol_pct20.pine: LONG for 2 weeks when the percentile is at or below 0.20, SHORT at all other times -- the long/short book. The extract's percentiles match the screen's stored iorb__d12w_vol pct_exp to three decimals on every week checked. The screen's own row for this series was the OTHER tail, pct_ge_90 Short / risk-off (1.20x, excess -1.8%, 13 trades); recorded for provenance, not what the dashboard runs. THE SERIES IS SOFR MINUS IORB, not the IORB rate: the research column named IORB is that spread (confirmed when the Pine port was matched to the Liquidity Stress Index ticker FRED:SOFR-FRED:IORB), and on the rate itself this rule never fires -- a policy rate only moves at meetings. FRED serves both legs from 2021-07, so with the 52-week vol window and the 52-week percentile warmup the row is readable only from late 2023; the seed is the research column, snapped at 2dp, and the splice check confirms the construction. THE RESEARCH COLUMN IS A WEEK STALE: its row for the week ending Sunday S is the spread of Friday S-9, an exact match on all 231 weeks, like the Banks column. FRAGILE BY CONSTRUCTION: the spread moves in 1bp steps, and vol-scaling a 12-week change of a few bp makes the trigger depend on which day is sampled -- the same FRED spread run weekly on Thursdays and on Fridays agrees on only 43% of its own triggers, and the feed agrees with the screen on 23% (validation_vs_screen.csv). Tested here at 4 episodes -- right direction (+0.241 drawdown lift, -13.9% forward) but not established. Watch item."
nfci_z52,NFCI 52w z,main,risk_off,True,4,pct_ge 0.8,daily,zroll_clip,52,NFCI (lag 5d),,12,2015-12-31,,"Screen: H4, pct_ge_80, Short / risk-off filter, 1.67x, 0.39%/wk, excess -7.4% -- that is the short leg ALONE. On the workbook book, long by default and short for the hold, the screen's triggers make 2389x against 172x buy and hold over 2016-2026, the feed's data 1076x on Friday readings and 1598x on its daily positions, and 812x with no short leg at all (dashboard_performance.py). NFCI revises: mean |initial - final| is 0.165 against a series sd of 0.168, so a backfilled history of this row uses values that were not the ones published at the time. Live rows are honest by construction."
realyield_vol,5Y real yield 12w vol-scaled,main,risk_off,True,1,pct_ge 0.9,friday,vol_scaled,12,DFII5 (lag 1d),5Y Real Yield,4,2015-12-31,,"EVALUATED ON FRIDAYS: the trigger is read once a week, on Friday's reading, as the screen's weekly rule did; the gauge stays daily. Set 2026-09-15 because on this row the Friday readings carried the screen's result (183x) where daily re-checking did not (95x). Screen: H1, pct_ge_90, Short / risk-off filter, 3.68x, 3.62%/wk in market, excess 15.4%, 6 trades, 83% hit -- the best short row on the screen. DFII5 serves full history so the seed contributes nothing; the splice check runs anyway to confirm FRED's series is the research column. Validation: transform corr 0.978, trigger agreement 0.77 with the feed firing 11 weeks the screen did not and never the reverse; six episodes each. On the workbook book (long by default, short for the hold) the screen's triggers make 185x against 9.9x buy and hold over 2018-2026 and the feed's Friday readings 183x, 95x on its daily positions, 38x with no short leg. The project's own plain-13-week variant sits on the research tab."
dxy_z52,DXY 52w z,main,risk_off,True,12,pct_ge 0.9,daily,zroll_clip,52,DXY (lag 0d),,4,2015-12-31,,"Added 2026-09-15 as an important signal: SHORT when the percentile clears 0.90, hold 12 weeks, long otherwise. On that book the screen's own triggers make 1438x against 170x buy and hold over 2016-2026, but the feed's data only 140x on Friday readings and 86x on its daily positions -- 229x with no short leg. The feed and the screen agree on 83% of trigger weeks, and the weeks they disagree on are expensive to be short in; the rebuilt DXY (ECB fix) against the research column (NY close) is the likeliest cause and is not yet run down. THE ONE ROW WHERE THE FEED'S VERSION IS FAR BELOW THE SCREEN'S. It is the SAME series as dxy_d12 read on the opposite tail -- a surging dollar here, a falling one there -- so the two are one dollar block, not two confirmations. The DXY is rebuilt from ECB reference rates (see dxy_d12)."
retail_accel,Retail sales accel 12w,main,risk_off,True,5,pct_ge 0.8,daily,accel,12,RRSFS (month end + 16d),,80,2015-12-31,,"DIRECTION: a RISK-OFF filter -- long by default, sell for 5 weeks when the percentile reaches 0.80 (hold set to 5 weeks by instruction on 2026-09-15; the screen row was at 8). That IS the screen row: its ""long short"" book is long by default and flat for the hold, and reproduces the 78x exactly (dashboard_performance.py); read as an entry rule the same triggers give 0.09x. An earlier note here had that backwards. Nothing on this series survives multiple testing (smallest q 0.63, about 14 independent episodes since 2015). Treat as a gauge, not a finding. Validation against the screen's column is 0.56 on the transform and 0.37 on the trigger, and that is the research column's defect, not the feed's: it skipped 39% of its prints and carried no publication lag. TIMING: FRED dates the print at the first of the month it covers and releases it about 16 days after that month ends, so the value is about six weeks old on the day it can first be read. An earlier version of this feed applied a two-week lag and applied it in prints rather than days."
breakeven_level,10y breakeven (normalized level),main,risk_off,False,1,pct_ge 0.9,daily,level,,(no feed),,4,,the screen's NORMALIZED breakeven series -- parked 2026-09-15 until that normalisation is defined; the raw T10YIE level is not the tested input,"Screen: H1, pct_ge_90, long short / Risk OFF, 1427x. On the raw T10YIE level, when pct_ge_90 fires P(12w drawdown) is 0.622 against 0.301 and the mean forward 12-week return is -15.0%, but 67 of its 79 flagged weeks are ONE run, 2021-03 to 2022-07. The screen's input is a normalized series and that normalisation is not yet known, so this row is parked rather than approximated."
hyg_logd12,HYG price 12w log change,main,long,False,12,z_ge 2,daily,logdiff,12,(no feed),,4,,"HYG ETF close -- equity market data, not on FRED","Screen: H12, z_ge_2, Long, 11x, 3.1%/wk. HYG is a PRICE, so it is inverted relative to a spread -- rising is the calm state."
ig10y_vol,IG-10Y 12w vol-scaled,main,long,True,1,pct_le 0.2,daily,vol_scaled,12,BAMLC0A0CMEY (lag 1d) + DGS10 x-1 (lag 1d),IG-10Y,4,2015-12-31,,"Screen: H1, pct_le_20, Long, 31x, 3.3%/wk, excess 26%. Construction is the ICE BofA effective YIELD minus DGS10, not the OAS minus DGS10 -- an OAS is already a spread over Treasuries, and the splice check caught the double-count as a 4.32 median gap. FRED serves the ICE BofA series for about three years only, so local history is spliced ahead of it."
puell_z6,Puell multiple 6w z,main,long_short,False,12,pct_ge 0.9,daily,zroll_clip,6,(no feed),,4,,on-chain (Glassnode / CoinMetrics) -- not on FRED,"Screen: H12, pct_ge_90, long short, 1407x, 2.0%/wk, excess 55%. Derived from BTC price and issuance, so it is endogenous. Its top decile had FEWER drawdowns than baseline (0.128 vs 0.298): a calm reading."
dxy_d12,DXY 12w change,main,long,True,12,z_le -1,daily,diff,12,DXY (lag 0d),,4,2015-12-31,,"MINE: DXY d12, z < -1, H12 -- 70.6x, 2.96%/wk in market, 27% time in market, 12 trades, 9 episodes, 92% hit; calm P(DD) 0.132 against 0.298, 2.3x, q 0.063. Lookback 12 by decision of 2026-09-15; for the record, on the rebuilt DXY over 2016+ the 13-week version had tested stronger (3.16%/wk, 293.9x, 15 trades) than the 12-week (2.48%/wk, 35.6x). The DXY is rebuilt from ECB daily reference rates via Frankfurter with ICE's published weights; FRED has no DXY and DTWEXBGS is a different basket. Verified against a live quote at 98.608 vs 98.608, but not bit-identical to the research column: the 13-week change correlates 0.934 with it, the gap being the ECB 16:00 CET fix against the NY close."
ccc_d12,CCC OAS 12w change,main,long,True,1,pct_le 0.2,daily,diff,12,BAMLH0A3HYC (lag 1d),CCC OAS,4,2017-06-02,,"MINE: CCC OAS d12, pct < 20, H1 -- 8.28x, 3.92%/wk in market, 10% time in market, 54 trades, 6 episodes, 63% hit; calm P(DD) 0.036 against 0.311, 8.5x, q 0.063 -- the best raw calm-tail figure of any signal tested, failing FDR only on episode count. Correlates 0.97 with CCC-BB dispersion."
nfci_d12,NFCI 12w change,main,long,True,12,pct_le 0.2,daily,diff,12,NFCI (lag 5d),,12,2015-12-31,,"MINE: NFCI d12, pct < 20, H12 -- 54.0x, 3.69%/wk in market, 20% time in market, 9 trades, 8 episodes, 100% hit; in true real time (ALFRED initial releases) calm P(DD) 0.16 against 0.303, 1.9x, q 0.016, on 125 weeks and 21 episodes. The final-revised series shows 7.8x; revisions average 99% of one standard deviation, so a backfilled history of this row overstates it. Live rows are honest by construction. Percentile starts 2015 like every other signal; an earlier version expanded from 1971, which left this light neutral 92% of the time. START DATE MATTERS HERE: the MINE figures were computed with the percentile expanding from the research column's start, 2009-10, on which pct < 0.2 fires 13% of weeks since 2016; from 2015 it fires 27%, so this row will be long about twice as often as the table it came from (validation agreement 0.93 against a 2015-start recomputation, 0.45 against the research start)."
ig_oas_d13,IG OAS 13w change,research,long,True,8,pct_le 0.2,daily,diff,13,BAMLC0A0CM (lag 1d),IG OAS,4,2017-06-09,,"Market-priced and effectively unrevised. Calm-tail P(drawdown) 0.059 against a 0.30 baseline. Correlates 0.91 with HY-10Y: one credit block, not two confirmations."
hy10y_d12,HY-10Y 12w change,research,long,True,12,pct_le 0.2,daily,diff,12,BAMLH0A0HYM2EY (lag 1d) + DGS10 x-1 (lag 1d),HY-10Y,4,2015-12-31,,"Strongest credit signal on the 12-week drawdown test: calm-tail P(drawdown) 0.040 against 0.298, 7.4x, q 0.014, 100 weeks, 13 episodes. Effective YIELD minus DGS10. A CALM detector, not a danger detector: its top decile has FEWER drawdowns than baseline (0.125 vs 0.298)."
netliq_pct13,Net liquidity 13w change,research,long,True,10,pct_ge 0.8,daily,pctdiff,13,WALCL (lag 1d) + WTREGEN x-1 (lag 1d) + RRPONTSYD x-1000 (lag 1d),,9,2015-12-31,,"Clears NEITHER the drawdown nor the return test alone. It is the only input uncorrelated with the other blocks (0.13 with IG OAS, 0.30 with the dollar), so it is the one that can dissent."
netliq_z13,Net liquidity 13w z,research,risk_off,True,10,z_le -1,daily,pctdiff,13,WALCL (lag 1d) + WTREGEN x-1 (lag 1d) + RRPONTSYD x-1000 (lag 1d),,9,2015-12-31,,"2.38%/wk, 1.95x, but 4 trades and 3 episodes -- the thinnest signal in the set. SAME SERIES as netliq_pct13 on the other tail."
dvol_d13,BTC DVOL 13w change,research,long,True,12,pct_le 0.2,daily,diff,13,BTC (lag 0d),,4,2022-06-22,,"UNTESTED against forward BTC returns or drawdowns. Here because it is the one input likely to be orthogonal to the credit, dollar and liquidity blocks. History begins 2021-03, so it accumulates from here."
vix_d12,VIX 12w change (MOVE substitute),research,risk_off,True,12,pct_ge 0.9,daily,diff,12,VIXCLS (lag 1d),,4,2015-12-31,,"SUBSTITUTE. The tested flag is MOVE 12w change top decile, which lifts P(drawdown) from 0.298 to 0.464 across 19 episodes. MOVE is licensed; VIXCLS correlates about 0.60 with it and tested weaker."
realyield_d13,5Y real yield 13w change,research,risk_off,True,10,pct_ge 0.9,daily,diff,13,DFII5 (lag 1d),,4,2015-12-31,,"This project's own short-table pick: 2.43%/wk in market against a 0.99% baseline, 3.95x, 8 trades, 80 weeks in market, but only 4 episodes and it FAILED the drawdown test at q 1.000. A return-side short, not a risk detector."
