run_utc,as_of,signal,label,tab,book,horizon_weeks,condition,gauge_kind,value,chg,pct,z,band,fires,active,trigger_date,hold_until,days_left,position,pending,last_print,stale_days,expected_stale_days
2026-10-02T00:36:25Z,2026-10-02,iorb_vol,SOFR-IORB spread 12w vol-scaled,main,two_sided,2,"buy pct_le 0.4 (2w, act +2w) | sell pct_ge 0.9 (2w) | between: hold",pct,0.0,0.098056,0.538835,-0.086259,good,False,False,2026-08-07,,,long,buy on 2026-10-09,2026-09-30,2,4
2026-10-02T00:36:25Z,2026-10-02,nfci_z52,NFCI 52w z,main,risk_off,4,pct_ge 0.8,pct,-0.548,-0.902654,0.390054,-0.522736,buy,False,False,2022-10-19,2022-11-15,,long,,2026-09-25,7,12
2026-10-02T00:36:25Z,2026-10-02,realyield_vol,5Y real yield 12w vol-scaled,main,risk_off,1,pct_ge 0.9,pct,2.73,2.377731,0.938376,1.693675,sell,True,True,2026-10-02,2026-10-08,6,short,,2026-09-30,2,4
2026-10-02T00:36:25Z,2026-10-02,dxy_z52,DXY 52w z,main,risk_off,12,pct_ge 0.9,pct,101.727914,2.19516,0.918121,1.404654,sell,True,True,2026-10-02,2026-12-24,83,short,,2026-10-01,1,4
2026-10-02T00:36:25Z,2026-10-02,retail_accel,Retail sales accel 12w,main,risk_off,5,pct_ge 0.8,pct,231630.0,0.004693,0.62879,0.077697,buy,False,False,2026-06-05,2026-07-09,,long,,2026-08-01,62,80
2026-10-02T00:36:25Z,2026-10-02,ig10y_vol,IG-10Y 12w vol-scaled,main,long,1,pct_le 0.2,pct,0.73,0.0,0.546951,-0.049392,flat,False,False,2026-06-24,2026-06-30,,flat,,2026-09-30,2,4
2026-10-02T00:36:25Z,2026-10-02,puell_z6,Puell multiple 6w z,main,long,12,pct_ge 0.9,pct,1.032302,1.590845,0.922973,1.504163,buy,False,True,2026-09-29,2026-12-21,80,long,,2026-09-30,2,2
2026-10-02T00:36:25Z,2026-10-02,dxy_d12,DXY 12w change,main,long,12,z_le -1,z,101.727914,0.869737,0.577763,0.191354,flat,False,False,2026-02-13,2026-05-07,,flat,,2026-10-01,1,4
2026-10-02T00:36:25Z,2026-10-02,ccc_vol,CCC OAS 12w vol-scaled,main,long_short,26,pct_le 0.2,pct,11.79,3.795705,0.979483,2.820729,short,False,True,2026-06-22,2026-12-20,79,long,,2026-09-30,2,4
2026-10-02T00:36:25Z,2026-10-02,nfci_d12,NFCI 12w change,main,long,12,pct_le 0.2,pct,-0.548,-0.028,0.425334,-0.20817,flat,False,False,2025-08-19,2025-11-10,,flat,,2026-09-25,7,12
2026-10-02T00:36:25Z,2026-10-02,ig_oas_overlay,IG OAS overlay: 13w flat + level short,main,overlay,4,"pct, higher leg | short while ig_oas_pctrank holds | else flat while ig_oas_chg13 holds",pct,0.84,,0.794872,,high risk,False,False,2026-03-13,2026-04-09,,long,,2026-09-30,2,4
2026-10-02T00:36:25Z,2026-10-02,ig_oas_pctrank,IG OAS level percentile,leg,risk_off,4,pct_ge 0.8,pct,0.84,0.1377,0.451792,-0.603712,buy,False,False,2023-05-05,2023-06-01,,long,,2026-09-30,2,4
2026-10-02T00:36:25Z,2026-10-02,ig_oas_chg13,IG OAS 13w change (overlay flat leg),leg,risk_off_flat,4,pct_ge 0.8,pct,0.84,0.09,0.794872,0.331895,high risk,False,False,2026-03-13,2026-04-09,,long,,2026-09-30,2,4
2026-10-02T00:36:25Z,2026-10-02,ig_oas_chg13_ls,"IG OAS 13w change, long/short (not traded)",research,risk_off,4,pct_ge 0.8,pct,0.84,0.09,0.794872,0.331895,high risk,False,False,2026-03-13,2026-04-09,,long,,2026-09-30,2,4
2026-10-02T00:36:25Z,2026-10-02,hy10y_d12,HY-10Y 12w change,main,long,12,pct_le 0.2,pct,2.87,0.43,0.820672,0.483903,flat,False,False,2026-06-23,2026-09-14,,flat,,2026-09-30,2,4
2026-10-02T00:36:25Z,2026-10-02,netliq_pct13,Net liquidity 13w change,research,long,10,pct_ge 0.8,pct,5794007.0,-0.008241,0.437887,-0.223533,flat,False,True,2026-07-29,2026-10-06,4,long,,2026-09-30,2,9
2026-10-02T00:36:25Z,2026-10-02,netliq_z13,Net liquidity 13w z,research,risk_off_flat,10,z_le -1,z,5794007.0,-0.008241,0.437887,-0.223533,buy,False,False,2025-11-26,2026-02-03,,long,,2026-09-30,2,9
2026-10-02T00:36:25Z,2026-10-02,dvol_d13,BTC DVOL 13w change,research,long,12,pct_le 0.2,pct,36.5,-2.97,0.537736,-0.020012,flat,False,False,2026-06-19,2026-09-10,,flat,,2026-10-02,0,4
2026-10-02T00:36:25Z,2026-10-02,vix_d12,VIX 12w change (MOVE substitute),research,risk_off_flat,12,pct_ge 0.9,pct,16.34,0.5,0.607434,0.062162,buy,False,False,2026-04-08,2026-06-30,,long,,2026-09-30,2,4
2026-10-02T00:36:25Z,2026-10-02,realyield_d13,5Y real yield 13w change,research,risk_off,10,pct_ge 0.9,pct,2.73,0.74,0.944245,1.682551,sell,True,True,2026-10-02,2026-12-10,69,short,,2026-09-30,2,4
2026-10-02T00:36:25Z,2026-10-02,spx_pc_vol,"S&P 500 put/call, volume (SPX + SPXW)",data,watch,,"pct, data only -- no rule",pct,1.087234,1.087234,0.033717,-1.333345,no rule,False,False,,,,,,2026-09-30,2,4
2026-10-02T00:36:25Z,2026-10-02,spx_pc_oi,"S&P 500 put/call, open interest (SPX + SPXW)",data,watch,,"pct, data only -- no rule",pct,1.401614,1.401614,0.041393,-1.945745,no rule,False,False,,,,,,2026-09-30,2,4
2026-10-02T00:36:25Z,2026-10-02,btc_pc_oi,"BTC put/call, open interest (Deribit)",data,watch,,"pct, data only -- no rule",pct,0.5658,0.5658,,,no rule,False,False,,,,,,2026-10-01,1,1
2026-10-02T00:36:25Z,2026-10-02,btc_pc_vol,"BTC put/call, 24h volume (Deribit)",data,watch,,"pct, data only -- no rule",pct,0.517729,0.517729,0.153362,-0.925777,no rule,False,False,,,,,,2026-10-01,1,1
