date,btc_snapshot_utc,btc_spot,btc_pc_oi,btc_pc_volume,btc_call_oi,btc_put_oi,btc_skew_25d,btc_atm_iv,btc_tenor_days,btc_tenor_lo,btc_tenor_lo_days,btc_tenor_hi,btc_tenor_hi_days,btc_interp_weight,btc_total_oi,btc_n_instruments,spy_snapshot_utc,spy_session_date,spy_pc_volume,spy_call_volume,spy_put_volume,spy_n_expiries,spy_expiry_first,spy_expiry_last
2026-09-10,2026-09-10T09:00:04Z,78190.36,0.5477,1.2936,,,-0.725,38.043,30,2026-10-02,21.96,2026-10-30,49.96,0.2872,438538.0,942,,,,,,,,
2026-09-15,2026-09-15T08:26:02Z,76759.39,0.5521,0.3783,269815.2,148952.8,0.814,37.384,30,2026-10-02,16.98,2026-10-30,44.98,0.4649,418768.0,894,2026-09-15T08:26:02Z,2026-09-14,1.2968,1061313.0,1376297.0,6.0,2026-09-15,2026-09-22
2026-09-18,2026-09-18T08:00:03Z,77938.78,0.5562,0.8404,269527.5,149923.3,1.136,32.511,30,2026-10-09,21.0,2026-10-30,42.0,0.4286,419450.8,876,2026-09-18T08:00:03Z,2026-09-17,0.8091,1809977.0,1464529.0,6.0,2026-09-18,2026-09-25
2026-09-21,2026-09-21T08:00:03Z,81705.39,0.5654,0.5154,272801.9,154254.2,0.504,34.788,30,2026-10-09,18.0,2026-10-30,39.0,0.5714,427056.1,902,2026-09-21T08:00:03Z,2026-09-18,1.1414,993082.0,1133506.0,6.0,2026-09-21,2026-09-28
2026-09-22,2026-09-22T08:54:56Z,86281.5,0.5387,0.3382,319411.3,172065.5,0.657,36.88,30,2026-10-09,16.96,2026-10-30,37.96,0.6209,491476.8,970,2026-09-22T08:54:56Z,2026-09-21,0.8305,1612254.0,1338959.0,6.0,2026-09-22,2026-09-29
2026-09-23,2026-09-23T08:00:13Z,86151.0,0.5675,1.3097,317742.9,180306.9,0.703,36.754,30,2026-10-09,16.0,2026-10-30,37.0,0.6667,498049.8,904,2026-09-23T08:00:13Z,2026-09-22,1.0204,1203618.0,1228168.0,6.0,2026-09-23,2026-09-30
2026-09-24,2026-09-24T08:00:11Z,84510.45,0.597,0.9043,311198.5,185784.6,2.014,35.272,30,2026-10-09,15.0,2026-10-30,36.0,0.7143,496983.1,900,2026-09-24T08:00:11Z,2026-09-23,1.157,1356300.0,1569174.0,6.0,2026-09-24,2026-10-01
2026-09-25,2026-09-25T08:43:43Z,84315.73,0.518,0.6035,225246.7,116683.1,0.796,34.356,30,2026-10-16,20.97,2026-10-30,34.97,0.645,341929.8,992,2026-09-25T08:43:43Z,2026-09-24,1.0421,1690410.0,1761605.0,6.0,2026-09-25,2026-10-02
2026-09-27,2026-09-27T08:59:32Z,84767.57,0.5179,0.4413,226286.9,117198.1,0.516,33.884,30,2026-10-16,18.96,2026-10-30,32.96,0.7887,343485.0,986,2026-09-27T08:59:32Z,2026-09-25,0.9937,1365197.0,1356540.0,6.0,2026-09-28,2026-10-05
2026-09-28,2026-09-28T08:00:07Z,83231.5,0.5274,1.2753,227413.0,119932.6,0.63,35.206,30,2026-10-16,18.0,2026-10-30,32.0,0.8571,347345.6,934,2026-09-28T08:00:07Z,2026-09-25,0.989,1381126.0,1365952.0,6.0,2026-09-28,2026-10-05
2026-09-30,2026-09-30T08:00:11Z,83224.53,0.547,0.8472,230544.7,126111.9,0.6,34.3,30,2026-10-30,30.0,2026-11-27,58.0,0.0,356656.6,888,2026-09-30T08:00:11Z,2026-09-29,0.9299,1240707.0,1153722.0,6.0,2026-09-30,2026-10-07
2026-10-01,2026-10-01T08:00:13Z,84452.39,0.5658,0.4784,230003.9,130144.4,0.906,33.977,30,2026-10-30,29.0,2026-11-27,57.0,0.0357,360148.3,976,2026-10-01T08:00:13Z,2026-09-30,0.9994,1266912.0,1266187.0,6.0,2026-10-01,2026-10-08
2026-10-02,2026-10-02T08:00:07Z,86156.93,0.5484,0.7427,218682.9,119927.9,1.996,33.929,30,2026-10-30,28.0,2026-11-27,56.0,0.0714,338610.8,934,2026-10-02T08:00:07Z,2026-10-01,1.0323,1524627.0,1573806.0,6.0,2026-10-02,2026-10-09
2026-10-03,2026-10-03T09:56:30Z,85234.03,0.5546,0.6833,223927.4,124193.3,1.165,33.148,30,2026-10-30,26.92,2026-11-27,54.92,0.11,348120.7,1002,2026-10-03T09:56:30Z,2026-10-02,1.3133,1438342.0,1888966.0,6.0,2026-10-05,2026-10-16
2026-10-04,2026-10-04T11:18:58Z,85898.67,0.5589,1.2772,223807.8,125088.9,0.155,34.06,30,2026-10-30,25.86,2026-11-27,53.86,0.1478,348896.7,994,2026-10-04T11:18:58Z,2026-10-02,1.3133,1438342.0,1888966.0,6.0,2026-10-05,2026-10-16
2026-10-05,2026-10-05T08:00:08Z,86228.75,0.5563,0.6614,224866.7,125088.9,0.357,34.581,30,2026-10-30,25.0,2026-11-27,53.0,0.1786,349955.6,938,2026-10-05T08:00:08Z,2026-10-02,1.1848,1350204.0,1599736.0,6.0,2026-10-05,2026-10-12
2026-10-06,2026-10-06T08:00:04Z,86200.86,0.5557,0.6173,228431.6,126946.4,0.949,34.31,30,2026-10-30,24.0,2026-11-27,52.0,0.2143,355378.0,882,2026-10-06T08:00:04Z,2026-10-05,0.8737,1715541.0,1498852.0,6.0,2026-10-06,2026-10-13
2026-10-07,2026-10-07T08:00:03Z,84108.22,0.561,1.0355,231205.6,129695.9,-0.165,34.557,30,2026-10-30,23.0,2026-11-27,51.0,0.25,360901.5,890,2026-10-07T08:00:03Z,2026-10-06,1.0735,1236358.0,1327236.0,6.0,2026-10-07,2026-10-14
2026-10-08,2026-10-08T08:00:03Z,83576.56,0.574,0.8849,236027.8,135472.9,2.427,36.875,30,2026-10-30,22.0,2026-11-27,50.0,0.2857,371500.7,890,2026-10-08T08:00:03Z,2026-10-07,1.232,1169669.0,1441034.0,6.0,2026-10-08,2026-10-15
