Section,Signal,Label,Tab,Rule,Read on,First reading,Full: from,Full: equity,Full: equity resized daily,Full: buy & hold,Full: x B&H,Full: return/wk in market,Full: excess,Full: max DD,Full: trades,Full: hit,Full: time in market,2020+: from,2020+: equity,2020+: x B&H,2020+: return/wk in market,2020+: excess,2023+: from,2023+: equity,2023+: x B&H,2023+: return/wk in market,2023+: excess,Check: screen/workbook figure,"Check: screen equity, same weeks","Check: dashboard equity, same weeks",Check: dashboard / screen,Check: weeks,Check: from,Check: to,Note
0. Benchmarks -- buy and hold and the calendar rules,buy_hold,BTC buy and hold,-,no rule | long every day,-,2015-01-01,2015-01-01,273.0,273.0,273.3,1.0,0.00918,-0.0,-0.831,1,1.0,1.0,2020-01-01,11.93,1.0,0.00705,-0.0,2023-01-02,5.14,1.01,0.00838,-0.0,,,,,,,,"what every x B&H and excess figure on this tab is measured against: bought on the first day of each window and held. x B&H is 1.00 and excess 0.000 by construction -- both sit a hair below on the full window because this row pays the same 5bp entry cost as every other. In market 100%, one trade, so fixed coins and resized daily are the same number. Its windows start at the dashboard's own start; a signal reading later than that has a shorter window, so judge each row against the 'buy & hold' figure on its own line, not against this row's equity."
0. Benchmarks -- buy and hold and the calendar rules,halving_cal,BTC halving calendar (18 / 18 / 12),-,halving -18m LONG; +18m SHORT; +30m cover and straight back to long -- never in cash,calendar,2015-01-01,2015-01-01,35239.0,44050.63,273.3,128.94,0.01721,0.825,-0.625,7,1.0,1.0,2020-01-01,123.49,10.38,0.01374,0.596,2023-01-02,7.83,1.54,0.01055,0.183,,,,,,,,"schedule as supplied 2026-09-21, filled the day after each signal. Holds short coming into 2015-01-01 from the cycle before, then 6 fills to 2026-10-05: 2015-06-01 long, 2018-01-09 short, 2019-01-10 long, 2021-11-11 short, 2022-11-12 long, 2025-10-21 short. Next: 2026-10-22 long; 4 short episodes, 4 made money; BTC compounded -96% across them; best 2018-01-09 +75% (BTC -75%); worst 2025-10-21 +21% (BTC -21%, peak +5%); this row shorts from its own first flip, unlike sections 1-4, which do not short before 2018-01-01; on that convention it makes 27419.48x fixed coins / 42307.83x resized daily over the full window"
0. Benchmarks -- buy and hold and the calendar rules,election_cal,US election calendar (23 / 12 / 12),-,"election -23m LONG; +12m SHORT; +24m cover to CASH until the next election -23m  [WIPED OUT on fixed coins: 0.00x is the result, not a missing value]",calendar,2015-01-01,2015-01-01,0.0,2130.24,273.3,0.0,,-1.602,-1.0,6,0.833,0.987,2020-01-01,100.68,8.46,0.01332,0.542,2023-01-02,7.22,1.42,0.01013,0.146,,,,,,,,"schedule as supplied 2026-09-21, filled the day after each signal. Holds long coming into 2015-01-01 from the cycle before, then 7 fills to 2026-10-05: 2017-11-10 short, 2018-11-10 cash, 2018-12-05 long, 2021-11-05 short, 2022-11-05 cash, 2022-12-07 long, 2025-11-07 short. Next: 2026-11-07 cash; WIPED OUT on fixed coins: a short was still on when BTC doubled inside its hold, which costs a fixed-coin short 100%, and equity stays at 0 from there. Return per week is left blank for the same reason; 'equity resized daily' is what the rule made with the position resized to a fixed fraction of equity instead, and 2020+ and 2023+ start after it; 3 short episodes, 2 made money; BTC compounded -73% across them; best 2021-11-05 +66% (BTC -66%); worst 2017-11-10 -100% (BTC -4%, peak +187%); WIPED OUT by the 2017-11-10 short, BTC up +187% at its peak -- equity stays 0 after it; this row shorts from its own first flip, unlike sections 1-4, which do not short before 2018-01-01; on that convention it makes 6254.22x fixed coins / 5384.62x resized daily over the full window"
"1. Dashboard signals, as published",iorb_vol,SOFR-IORB spread 12w vol-scaled,main,"buy pct_le 0.4 (2w, act +2w) | sell pct_ge 0.9 (2w) | between: hold | last side kept; buy/sell holds",friday,2023-10-27,2023-10-27,8.81,8.44,2.5,3.52,0.01487,0.742,-0.306,12,0.917,0.961,2023-10-27,8.81,3.52,0.01487,0.742,2023-10-27,8.81,3.52,0.01487,0.742,,4.14,4.34,1.048,124,2023-11-05,2026-03-15,
"1. Dashboard signals, as published",wei_d2,WEI 2w change,main,pct_ge 0.8 | short; LONG 12w on trigger,friday,2015-01-01,2015-01-01,1743.55,1254.43,273.3,6.38,0.01249,0.29,-0.781,26,0.769,0.98,2020-01-01,42.82,3.6,0.01071,0.3,2023-01-02,11.37,2.23,0.01247,0.364,,,,,,,,no screen column for this rule; research series only
"1. Dashboard signals, as published",realyield_vol,5Y real yield 12w vol-scaled,main,pct_ge 0.9 | long; SHORT 1w on trigger,friday,2015-12-31,2015-12-31,2620.01,2667.83,199.0,13.17,0.01434,0.455,-0.625,30,0.633,0.984,2020-01-01,56.44,4.74,0.0115,0.373,2023-01-02,5.93,1.16,0.00911,0.059,"3.68x (screen table, short/flat; resized weekly)",140.14,138.73,0.99,408,2018-05-27,2026-03-15,
"1. Dashboard signals, as published",dxy_z52,DXY 52w z,main,pct_ge 0.9 | long; SHORT 12w on trigger,friday,2015-01-01,2015-01-01,1610.29,1420.34,273.3,5.89,0.01278,0.302,-0.831,12,0.75,0.948,2020-01-01,62.27,5.23,0.01178,0.399,2023-01-02,3.38,0.66,0.00622,-0.164,"2806.75x (workbook, long, short in hold; fixed coins)",3993.55,2788.93,0.698,585,2015-01-04,2026-03-15,"check below 1: the rebuilt DXY is the ECB 16:00 fix, the screen's the NY close (handoff section 6); in market 94% vs the screen's 94%"
"1. Dashboard signals, as published",retail_accel,Retail sales accel 12w,main,"pct_ge 0.8 | long; SHORT 5w on trigger  [WIPED OUT on fixed coins: 0.00x is the result, not a missing value]",daily,2015-12-31,2015-12-31,0.0,21.21,199.0,0.0,,-1.56,-1.0,36,0.611,0.904,2020-01-01,14.44,1.21,0.0076,0.041,2023-01-02,3.94,0.77,0.00702,-0.106,"375x (workbook, long, short in hold; resized weekly)",313.25,0.0,0.0,412,2018-04-29,2026-03-15,"check 0: the screen's retail column skipped 39% of prints with no lag; on the corrected series the signal is gone (handoff issue 2); wiped out: a fixed-coin short lost 100% when BTC doubled during its hold; return per week left blank, see equity resized daily"
"1. Dashboard signals, as published",ig10y_vol,IG-10Y 12w vol-scaled,main,pct_le 0.2 | flat; LONG 1w on trigger,daily,2015-12-31,2015-12-31,28.76,28.76,199.0,0.14,0.02062,0.211,-0.358,38,0.658,0.293,2020-01-01,5.42,0.46,0.01598,0.167,2023-01-02,4.97,0.97,0.01891,0.323,"31x (screen table, long/flat; no shorts: both accountings)",27.86,57.11,2.05,533,2016-01-03,2026-03-15,check far from 1: daily re-checking extends holds; in market 31% vs the screen's 19%
"1. Dashboard signals, as published",puell_z6,Puell multiple 6w z,main,pct_ge 0.9 | flat; LONG 12w on trigger,tuesday,2015-01-01,2015-01-01,1157.16,1157.16,273.3,4.23,0.01797,0.461,-0.637,20,0.75,0.645,2020-01-01,21.69,1.82,0.01383,0.314,2023-01-02,6.32,1.24,0.01373,0.283,"1406.93x (screen table, long/flat; no shorts: both accountings)",1406.93,1155.49,0.821,584,2015-01-11,2026-03-15,"check below 1: six-point z is half block-count noise, fire agreement 0.880 (see its note); in market 65% vs the screen's 62%"
"1. Dashboard signals, as published",dxy_d12,DXY 12w change,main,z_le -1 | flat; LONG 12w on trigger,friday,2015-12-31,2015-12-31,706.66,706.66,199.0,3.55,0.02881,0.615,-0.428,9,0.889,0.411,2020-01-01,45.32,3.81,0.0261,0.592,2023-01-02,6.93,1.36,0.01978,0.428,"70.57x (screen table, long/flat; no shorts: both accountings)",333.11,747.58,2.244,533,2016-01-03,2026-03-15,"check far from 1: percentile from 2015 and the ECB fix, against the research column from 2009 at the NY close; in market 42% vs the screen's 40%"
"1. Dashboard signals, as published",ccc_vol,CCC OAS 12w vol-scaled,main,pct_le 0.2 | short; LONG 26w on trigger,monday,2018-05-31,2018-05-31,118.47,75.66,11.4,10.39,0.01102,0.433,-0.62,10,0.7,1.0,2020-01-01,73.86,6.21,0.01227,0.446,2023-01-02,9.14,1.79,0.01134,0.256,"81.03x (workbook, long in hold, short otherwise; fixed coins)",77.15,77.15,1.0,407,2018-06-03,2026-03-15,
"1. Dashboard signals, as published",ofr_ease13,OFR FSI 13w easing,main,pct_ge 0.8 | flat; LONG 4w on trigger,friday,2015-01-01,2015-01-01,162.15,162.15,273.3,0.59,0.03597,0.423,-0.267,16,0.875,0.235,2020-01-01,16.72,1.41,0.03435,0.426,2023-01-02,2.76,0.54,0.02456,0.213,,,,,,,,no screen column for this rule; research series only
"1. Dashboard signals, as published",ig_oas_overlay,IG OAS overlay: 13w flat + level short,main,"pct, higher leg | short while ig_oas_pctrank holds | else flat while ig_oas_chg13 holds | long; FLAT or SHORT 4w by leg",friday,2017-06-09,2017-06-09,195.31,141.59,30.4,6.42,0.01405,0.432,-0.637,17,0.706,0.777,2020-01-01,42.15,3.54,0.01213,0.358,2023-01-02,4.68,0.92,0.00919,0.053,"176.8x fixed coins / 128.2x resized daily (decision table, daily prices)",178.87,181.59,1.015,458,2017-06-11,2026-03-15,
"1. Dashboard signals, as published",hy10y_d12,HY-10Y 12w change,main,pct_le 0.2 | flat; LONG 12w on trigger,daily,2015-12-31,2015-12-31,522.15,522.15,199.0,2.62,0.02481,0.538,-0.533,10,1.0,0.455,2020-01-01,35.32,2.97,0.0202,0.491,2023-01-02,6.19,1.21,0.01703,0.354,,,,,,,,no screen column for this rule; research series only
"1. Dashboard signals, as published",claims_fall52,Jobless claims 52w fall,main,pct_le 0.1 | flat; LONG 4w on trigger,friday,2015-01-01,2015-01-01,530.37,530.37,273.3,1.94,0.02828,0.514,-0.555,17,0.765,0.367,2020-01-01,26.87,2.26,0.03141,0.51,2023-01-02,2.0,0.39,0.01549,0.097,,,,,,,,no screen column for this rule; research series only
"1. Dashboard signals, as published",nfci_z52,NFCI 52w z,research,pct_ge 0.8 | long; SHORT 4w on trigger,daily,2015-01-01,2015-01-01,4476.04,3392.6,273.3,16.38,0.01492,0.489,-0.69,13,0.846,0.925,2020-01-01,86.24,7.25,0.01271,0.49,2023-01-02,5.14,1.01,0.00838,-0.0,"1.67x (screen table, short/flat; resized weekly)",4007.76,5616.51,1.401,585,2015-01-04,2026-03-15,"DO NOT TRADE: these figures are on today's REVISED NFCI. On ALFRED first releases at their real release dates it keeps 11.26x B&H full window, all of it 2015-2019: 1.35x since 2020 (excess +0.066) and 0.38x since 2023 (excess -0.352), against 6.61x and 1.00x on revised data to 2026-09-02; four of its eight real-time shorts since 2020 ran into rallies (checked 2026-09-29); check above 1: the dashboard re-checks daily and holds longer -- its Friday readings through the weekly rule sit below the screen, its daily positions above; before shorts started in 2018 the extra pre-2018 shorts, which lost, had cancelled this out; in market 92% vs the screen's 92%"
"1. Dashboard signals, as published",nfci_d12,NFCI 12w change,research,pct_le 0.2 | flat; LONG 12w on trigger,daily,2015-12-31,2015-12-31,517.48,517.48,199.0,2.6,0.02032,0.475,-0.62,12,0.833,0.553,2020-01-01,34.33,2.88,0.01988,0.482,2023-01-02,4.71,0.92,0.014,0.23,"54.04x (screen table, long/flat; no shorts: both accountings)",63.28,796.79,12.591,534,2015-12-27,2026-03-15,"DO NOT TRADE: these figures are on today's REVISED NFCI. On ALFRED first releases at their real release dates it is 0.58x B&H full window (excess +0.153) and 0.62x since 2023 (excess -0.071), against 3.55x and 0.92x on revised data over the same window, to 2026-09-02 (checked 2026-09-29); check far from 1: percentile expands from 2015 by decision, the research column's from 2009; in market 58% vs the screen's 29%"
"1. Dashboard signals, as published",ig_oas_chg13_ls,"IG OAS 13w change, long/short (not traded)",research,pct_ge 0.8 | long; SHORT 4w on trigger,friday,2017-06-09,2017-06-09,271.19,166.59,30.4,8.92,0.01193,0.397,-0.677,25,0.6,0.971,2020-01-01,36.23,3.04,0.01023,0.257,2023-01-02,3.4,0.67,0.00626,-0.161,,,,,,,,no screen column for this rule; research series only
"1. Dashboard signals, as published",netliq_pct13,Net liquidity 13w change,research,pct_ge 0.8 | flat; LONG 10w on trigger,daily,2015-12-31,2015-12-31,313.81,313.81,199.0,1.58,0.01898,0.399,-0.588,11,0.727,0.545,2020-01-01,13.32,1.12,0.01205,0.215,2023-01-02,2.71,0.53,0.00932,0.034,,,,,,,,no screen column for this rule; research series only
"1. Dashboard signals, as published",netliq_z13,Net liquidity 13w z,research,z_le -1 | long; FLAT 10w on trigger,daily,2015-12-31,2015-12-31,128.34,128.34,199.0,0.64,0.01286,0.175,-0.8,10,0.7,0.676,2020-01-01,29.76,2.5,0.01155,0.292,2023-01-02,7.73,1.52,0.01134,0.227,,,,,,,,no screen column for this rule; research series only; shorts removed 2026-09-17 by instruction (now flat in the hold); the former short leg is in section 2
"1. Dashboard signals, as published",dvol_d13,BTC DVOL 13w change,research,pct_le 0.2 | flat; LONG 12w on trigger,daily,2022-06-22,2022-06-22,1.83,1.83,4.3,0.43,0.0049,-0.056,-0.354,5,0.6,0.555,2022-06-22,1.83,0.43,0.0049,-0.056,2023-01-02,2.64,0.52,0.0094,0.036,,,,,,,,no screen column for this rule; research series only
"1. Dashboard signals, as published",vix_d12,VIX 12w change (MOVE substitute),research,pct_ge 0.9 | long; FLAT 12w on trigger,daily,2015-12-31,2015-12-31,146.82,146.82,199.0,0.74,0.01905,0.329,-0.661,15,0.733,0.471,2020-01-01,5.78,0.49,0.01139,0.121,2023-01-02,3.1,0.61,0.01161,0.108,,,,,,,,no screen column for this rule; research series only; shorts removed 2026-09-17 by instruction (now flat in the hold); the former short leg is in section 2
"1. Dashboard signals, as published",realyield_d13,5Y real yield 13w change,research,pct_ge 0.9 | long; SHORT 10w on trigger,daily,2015-12-31,2015-12-31,40.19,125.45,199.0,0.2,0.00684,-0.198,-0.937,19,0.632,0.965,2020-01-01,0.48,0.04,-0.00208,-0.546,2023-01-02,0.17,0.03,-0.00898,-0.922,,,,,,,,no screen column for this rule; research series only
"2. Short legs alone (short when the dashboard is short, flat otherwise; shorts from 2018-01-01)",iorb_vol,SOFR-IORB spread 12w vol-scaled,main,"sell side only: short while the sell hold runs (and the last side kept is short), flat otherwise",friday,2023-10-27,2023-10-27,1.97,1.89,2.5,,0.01456,,-0.129,6,1.0,0.306,2023-10-27,1.97,,0.01456,,2023-10-27,1.97,,0.01456,,,,,,,,,"6 short episodes, 6 made money; BTC compounded -57% across them; best 2025-08-15 +28% (BTC -28%); worst 2025-03-07 +3% (BTC -3%, peak +1%)"
"2. Short legs alone (short when the dashboard is short, flat otherwise; shorts from 2018-01-01)",wei_d2,WEI 2w change,main,pct_ge 0.8 | SHORT only: short except in its long hold,friday,2015-01-01,2015-01-01,2.69,1.93,273.3,,0.01486,,-0.21,10,0.8,0.109,2020-01-01,1.77,,0.01692,,2023-01-02,1.42,,0.02105,,,,,,,,,"10 short episodes, 8 made money; BTC compounded -71% across them; best 2019-07-05 +29% (BTC -29%); worst 2020-05-01 -5% (BTC +5%, peak +13%)"
"2. Short legs alone (short when the dashboard is short, flat otherwise; shorts from 2018-01-01)",realyield_vol,5Y real yield 12w vol-scaled,main,"pct_ge 0.9 | SHORT only: short in the hold, flat otherwise",friday,2015-12-31,2015-12-31,3.71,3.78,199.0,,0.01929,,-0.285,13,0.615,0.122,2020-01-01,1.79,,0.0123,,2023-01-02,1.06,,0.00403,,,,,,,,,"YOUR WORKBOOK 5y_real_yield__d12w_vol_h12_pct_ge_80_long_trades.xlsx (B5 0.9, B6 1, B7 -1, B8 0): 2018-05-27..2026-03-15, 3.68x resized weekly = 2.79x on fixed coins; same data (DFII5 at the Friday close; its pct_exp is the screen's). Same weeks, weekly closes, fixed coins: dashboard 2.73x vs workbook 2.79x. Daily closes from 2018-05-27: 2.47x to 2026-03-15, 2.60x to today. Shorts start 2018-01-01, before the workbook can read (2018-05-27): from 2018-01-01 to 2018-05-26 the dashboard's short leg made 1.42x. Before 2018-01-01 it does not short; that stretch had cost it 0.41x (the 2017-12-01 short, -61%). 13 short episodes, 8 made money; BTC compounded -87% across them; best 2022-03-25 +53% (BTC -53%); worst 2026-09-18 -7% (BTC +7%, peak +7%)"
"2. Short legs alone (short when the dashboard is short, flat otherwise; shorts from 2018-01-01)",dxy_z52,DXY 52w z,main,"pct_ge 0.9 | SHORT only: short in the hold, flat otherwise",friday,2015-01-01,2015-01-01,1.61,1.42,273.3,,0.00384,,-0.41,5,0.8,0.203,2020-01-01,1.44,,0.00325,,2023-01-02,0.75,,-0.00811,,,,,,,,,"5 short episodes, 4 made money; BTC compounded -76% across them; best 2021-11-05 +73% (BTC -73%); worst 2026-06-19 -35% (BTC +35%, peak +36%)"
"2. Short legs alone (short when the dashboard is short, flat otherwise; shorts from 2018-01-01)",retail_accel,Retail sales accel 12w,main,"pct_ge 0.8 | SHORT only: short in the hold, flat otherwise  [WIPED OUT on fixed coins: 0.00x is the result, not a missing value]",daily,2015-12-31,2015-12-31,0.0,0.32,199.0,,,,-1.0,16,0.625,0.366,2020-01-01,0.59,,-0.00329,,2023-01-02,0.79,,-0.00287,,,,,,,,,"16 short episodes, 10 made money; BTC compounded -41% across them; best 2022-04-11 +41% (BTC -41%); worst 2019-04-10 -100% (BTC +114%, peak +143%); WIPED OUT by the 2019-04-10 short, BTC up +143% at its peak -- equity stays 0 after it"
"2. Short legs alone (short when the dashboard is short, flat otherwise; shorts from 2018-01-01)",ccc_vol,CCC OAS 12w vol-scaled,main,pct_le 0.2 | SHORT only: short except in its long hold,monday,2018-05-31,2018-05-31,2.47,1.58,11.4,,0.00786,,-0.481,5,0.6,0.265,2020-01-01,1.97,,0.00676,,2023-01-02,1.27,,0.01009,,,,,,,,,"5 short episodes, 4 made money; BTC compounded -76% across them; best 2021-02-22 +55% (BTC -55%); worst 2025-06-23 -2% (BTC +2%, peak +2%)"
"2. Short legs alone (short when the dashboard is short, flat otherwise; shorts from 2018-01-01)",ig_oas_overlay,IG OAS overlay: 13w flat + level short,main,"short leg only (ig_oas_pctrank): short while it holds, flat otherwise",friday,2017-06-09,2017-06-09,1.47,1.07,30.4,,0.00559,,-0.508,5,0.6,0.142,2020-01-01,1.47,,0.00559,,2023-01-02,1.08,,0.00877,,,,,,,,,"5 short episodes, 3 made money; BTC compounded -55% across them; best 2022-04-22 +57% (BTC -57%); worst 2020-02-28 -10% (BTC +10%, peak +17%)"
"2. Short legs alone (short when the dashboard is short, flat otherwise; shorts from 2018-01-01)",nfci_z52,NFCI 52w z,research,"pct_ge 0.8 | SHORT only: short in the hold, flat otherwise",daily,2015-01-01,2015-01-01,2.57,1.95,273.3,,0.01073,,-0.374,5,1.0,0.144,2020-01-01,1.93,,0.01017,,2023-01-02,1.0,,,,,,,,,,,"DO NOT TRADE: these figures are on today's REVISED NFCI. On ALFRED first releases at their real release dates it keeps 11.26x B&H full window, all of it 2015-2019: 1.35x since 2020 (excess +0.066) and 0.38x since 2023 (excess -0.352), against 6.61x and 1.00x on revised data to 2026-09-02; four of its eight real-time shorts since 2020 ran into rallies (checked 2026-09-29); 5 short episodes, 5 made money; BTC compounded -82% across them; best 2021-11-15 +69% (BTC -69%); worst 2020-02-19 +1% (BTC -1%, peak +6%)"
"2. Short legs alone (short when the dashboard is short, flat otherwise; shorts from 2018-01-01)",ig_oas_chg13_ls,"IG OAS 13w change, long/short (not traded)",research,"pct_ge 0.8 | SHORT only: short in the hold, flat otherwise",friday,2017-06-09,2017-06-09,2.13,1.31,30.4,,0.00505,,-0.427,12,0.5,0.309,2020-01-01,1.32,,0.00283,,2023-01-02,0.79,,-0.0066,,,,,,,,,"12 short episodes, 6 made money; BTC compounded -81% across them; best 2021-11-26 +61% (BTC -61%); worst 2025-03-14 -23% (BTC +23%, peak +33%)"
"2. Short legs alone (short when the dashboard is short, flat otherwise; shorts from 2018-01-01)",netliq_z13,Net liquidity 13w z -- FORMER short leg,research,"z_le -1 | SHORT only: short in the hold, flat otherwise  [WIPED OUT on fixed coins: 0.00x is the result, not a missing value]",daily,2015-12-31,2015-12-31,0.0,0.57,199.0,,,,-1.0,7,0.571,0.213,2020-01-01,1.61,,0.00835,,2023-01-02,1.33,,0.01968,,,,,,,,,"shorts REMOVED from the dashboard 2026-09-17; shown as they were (the flat holds, short). 7 short episodes, 4 made money; BTC compounded -50% across them; best 2022-02-24 +49% (BTC -49%); worst 2019-05-02 -100% (BTC +80%, peak +140%); WIPED OUT by the 2019-05-02 short, BTC up +140% at its peak -- equity stays 0 after it"
"2. Short legs alone (short when the dashboard is short, flat otherwise; shorts from 2018-01-01)",vix_d12,VIX 12w change (MOVE substitute) -- FORMER short leg,research,"pct_ge 0.9 | SHORT only: short in the hold, flat otherwise  [WIPED OUT on fixed coins: 0.00x is the result, not a missing value]",daily,2015-12-31,2015-12-31,0.0,0.12,199.0,,,,-1.0,11,0.636,0.455,2020-01-01,0.0,,,,2023-01-02,0.0,,,,,,,,,,,"shorts REMOVED from the dashboard 2026-09-17; shown as they were (the flat holds, short). 11 short episodes, 7 made money; BTC compounded +10% across them; best 2021-09-21 +51% (BTC -51%); worst 2020-10-28 -100% (BTC +129%, peak +206%); WIPED OUT by the 2020-10-28 short, BTC up +206% at its peak -- equity stays 0 after it"
"2. Short legs alone (short when the dashboard is short, flat otherwise; shorts from 2018-01-01)",realyield_d13,5Y real yield 13w change,research,"pct_ge 0.9 | SHORT only: short in the hold, flat otherwise",daily,2015-12-31,2015-12-31,0.17,0.52,199.0,,-0.00914,,-0.946,9,0.556,0.347,2020-01-01,0.07,,-0.01688,,2023-01-02,0.1,,-0.0256,,,,,,,,,"9 short episodes, 5 made money; BTC compounded -56% across them; best 2018-01-01 +52% (BTC -52%); worst 2020-03-18 -74% (BTC +74%, peak +85%)"
3. IG OAS decision table (its own window dates; shorts from 2018-01-01),ig_oas,"13w change, long/flat (the ""55x"" rule)",research,pct_ge 0.8 | long; FLAT 4w on trigger,friday,2017-06-09,2017-06-09,127.15,127.15,30.4,4.18,0.01516,0.407,-0.637,13,0.692,0.662,2020-02-28,22.68,2.29,0.01277,0.324,2023-01-02,4.33,0.85,0.00922,0.051,,,,,,,,
3. IG OAS decision table (its own window dates; shorts from 2018-01-01),ig_oas,"13w change, long/own short",research,pct_ge 0.8 | long; SHORT 4w on trigger,friday,2017-06-09,2017-06-09,271.19,166.59,30.4,8.92,0.01193,0.397,-0.677,25,0.6,0.971,2020-02-28,29.95,3.03,0.00992,0.259,2023-01-02,3.4,0.67,0.00626,-0.161,,,,,,,,
3. IG OAS decision table (its own window dates; shorts from 2018-01-01),ig_oas,Overlay: 13w long/flat + level-pct short (WIRED),research,"long; FLAT 4w on 13w leg, SHORT 4w on level leg",friday,2017-06-09,2017-06-09,195.31,141.59,30.4,6.42,0.01405,0.432,-0.637,17,0.706,0.777,2020-02-28,34.84,3.52,0.01183,0.357,2023-01-02,4.68,0.92,0.00919,0.053,,,,,,,,
4. Candidates that beat the wired rule (not wired),retail_accel,Retail sales accel 12w,main,pct_ge 0.8 | long; SHORT 5w on trigger -- SHORT LEG REMOVED (flat instead),monday,2015-12-31,2015-12-31,93.47,93.47,199.0,0.47,0.0143,0.201,-0.821,20,0.65,0.569,2020-01-01,31.35,2.63,0.01696,0.427,2023-01-02,7.18,1.41,0.01626,0.378,,,,,,,,"short leg removed, read monday: full excess +0.201 vs wired -1.560; 2023+ +0.378 vs -0.106; equity 93.5x vs 0.0x (best of 3 variants that qualified for this signal)"
4. Candidates that beat the wired rule (not wired),ig10y_vol,IG-10Y 12w vol-scaled,main,pct_le 0.2 | flat; LONG 1w on trigger,monday,2015-12-31,2015-12-31,42.1,42.1,199.0,0.21,0.02874,0.293,-0.302,36,0.667,0.235,2020-01-01,7.07,0.59,0.02311,0.242,2023-01-02,5.85,1.15,0.02632,0.437,,,,,,,,"as wired, read monday: full excess +0.293 vs wired +0.211; 2023+ +0.437 vs +0.323; equity 42.1x vs 28.8x (best of 2 variants that qualified for this signal)"
4. Candidates that beat the wired rule (not wired),netliq_pct13,Net liquidity 13w change,research,pct_ge 0.8 | flat; LONG 10w on trigger,monday,2015-12-31,2015-12-31,381.3,381.3,199.0,1.92,0.02169,0.463,-0.547,11,0.727,0.493,2020-01-01,14.7,1.24,0.01405,0.267,2023-01-02,2.59,0.51,0.01016,0.056,,,,,,,,"as wired, read monday: full excess +0.463 vs wired +0.399; 2023+ +0.056 vs +0.034; equity 381.3x vs 313.8x"
